sno,filename,changetimestamp,status,username
1,Table 1/Inner/FFTT.png,2026-09-17T06:28:15.668Z,New,first_time_admin
2,Table 1/Inner/gamebreak.mp4,2026-09-17T06:28:17.937Z,New,first_time_admin
3,Table 1/Inner/Ganten.png,2026-09-17T06:28:18.016Z,New,first_time_admin
4,Table 1/Inner/GM_POINT.mp4,2026-09-17T06:28:18.906Z,New,first_time_admin
5,Table 1/Inner/Gov.png,2026-09-17T06:28:18.961Z,New,first_time_admin
6,Table 1/Inner/Home Look.mp4,2026-09-17T06:28:20.037Z,New,first_time_admin
7,Table 1/Inner/Infinity_MPL.png,2026-09-17T06:28:20.091Z,New,first_time_admin
8,Table 1/Inner/ITTF.png,2026-09-17T06:28:20.147Z,New,first_time_admin
9,Table 1/Inner/Liebherr.png,2026-09-17T06:28:20.192Z,New,first_time_admin
10,Table 1/Inner/MATCH_POINT.mp4,2026-09-17T06:28:20.436Z,New,first_time_admin
11,Table 1/Inner/Montpellier.png,2026-09-17T06:28:20.481Z,New,first_time_admin
12,Table 1/Inner/Occ.png,2026-09-17T06:28:20.528Z,New,first_time_admin
13,Table 1/Inner/Socials.png,2026-09-17T06:28:20.606Z,New,first_time_admin
14,Table 1/Inner/Tibhar.png,2026-09-17T06:28:20.654Z,New,first_time_admin
15,Table 1/Inner/TO.mp4,2026-09-17T06:28:21.755Z,New,first_time_admin
16,Table 1/Inner/WINAMAX.png,2026-09-17T06:28:21.824Z,New,first_time_admin
17,Table 1/Inner/winner.mp4,2026-09-17T06:28:23.415Z,New,first_time_admin
18,Table 1/Inner/WS.png,2026-09-17T06:28:23.643Z,New,first_time_admin
19,Table 1/Inner/(ENG) Frankfurt.png,2026-09-17T06:28:23.808Z,New,first_time_admin
20,Table 1/Inner/(FR) Frankfurt.png,2026-09-17T06:28:23.866Z,New,first_time_admin
21,Table 1/Inner/all-adv.png,2026-09-17T06:28:23.928Z,New,first_time_admin
22,Table 1/Inner/App.png,2026-09-17T06:28:23.972Z,New,first_time_admin
23,Table 1/Inner/CHMP_POINT.mp4,2026-09-17T06:28:24.227Z,New,first_time_admin
24,Table 1/Inner/default.png,2026-09-17T06:28:24.281Z,New,first_time_admin
25,Table 1/Outer/FFTT.png,2026-09-17T06:28:40.291Z,New,first_time_admin
26,Table 1/Outer/gamebreak.mp4,2026-09-17T06:28:43.346Z,New,first_time_admin
27,Table 1/Outer/Ganten.png,2026-09-17T06:28:43.414Z,New,first_time_admin
28,Table 1/Outer/GM_POINT.mp4,2026-09-17T06:28:43.627Z,New,first_time_admin
29,Table 1/Outer/Gov.png,2026-09-17T06:28:43.681Z,New,first_time_admin
30,Table 1/Outer/Home Look.mp4,2026-09-17T06:28:44.738Z,New,first_time_admin
31,Table 1/Outer/Infinity_MPL.png,2026-09-17T06:28:44.802Z,New,first_time_admin
32,Table 1/Outer/ITTF.png,2026-09-17T06:28:44.856Z,New,first_time_admin
33,Table 1/Outer/Liebherr.png,2026-09-17T06:28:44.925Z,New,first_time_admin
34,Table 1/Outer/MATCH_POINT.mp4,2026-09-17T06:28:45.173Z,New,first_time_admin
35,Table 1/Outer/Montpellier.png,2026-09-17T06:28:45.230Z,New,first_time_admin
36,Table 1/Outer/Occ.png,2026-09-17T06:28:45.291Z,New,first_time_admin
37,Table 1/Outer/Socials.png,2026-09-17T06:28:45.363Z,New,first_time_admin
38,Table 1/Outer/Tibhar.png,2026-09-17T06:28:45.421Z,New,first_time_admin
39,Table 1/Outer/TO.mp4,2026-09-17T06:28:47.242Z,New,first_time_admin
40,Table 1/Outer/WINAMAX.png,2026-09-17T06:28:47.289Z,New,first_time_admin
41,Table 1/Outer/winner.mp4,2026-09-17T06:28:49.117Z,New,first_time_admin
42,Table 1/Outer/WS.png,2026-09-17T06:28:49.164Z,New,first_time_admin
43,Table 1/Outer/(ENG) Frankfurt.png,2026-09-17T06:28:49.208Z,New,first_time_admin
44,Table 1/Outer/(FR) Frankfurt.png,2026-09-17T06:28:49.253Z,New,first_time_admin
45,Table 1/Outer/all-adv.png,2026-09-17T06:28:49.323Z,New,first_time_admin
46,Table 1/Outer/App.png,2026-09-17T06:28:49.434Z,New,first_time_admin
47,Table 1/Outer/CHMP_POINT.mp4,2026-09-17T06:28:49.611Z,New,first_time_admin
48,Table 1/Outer/default.png,2026-09-17T06:28:49.660Z,New,first_time_admin
49,Table 1/Inner/winner.mp4,2026-09-17T06:30:15.996Z,Deleted,first_time_admin
50,Table 1/Inner/winner.mp4,2026-09-17T06:34:50.648Z,New,first_time_admin
51,Table 1/Outer/winner.mp4,2026-09-17T06:34:57.996Z,New,first_time_admin
52,Table 1/Inner/sponsorsequence.csv,2026-09-17T06:35:26.204Z,Updated,first_time_admin
53,Table 1/Outer/sponsorsequence.csv,2026-09-17T06:36:08.681Z,Updated,first_time_admin
54,Table 1/Inner/sponsorsequence.csv,2026-09-17T06:36:14.414Z,Updated,first_time_admin
55,Table 1/Inner/gamebreak.mp4,2026-09-17T07:17:51.977Z,Deleted,first_time_admin
56,Table 1/Inner/sponsorsequence.csv,2026-09-17T07:17:52.009Z,Updated,first_time_admin
57,Table 1/Inner/sponsorsequence.csv,2026-09-17T07:18:59.854Z,Updated,first_time_admin
58,Table 1/Outer/sponsorsequence.csv,2026-09-17T07:19:03.255Z,Updated,first_time_admin
59,Table 1/Inner/default.png,2026-09-17T07:46:54.088Z,New,first_time_admin
60,Table 1/Outer/default.png,2026-09-17T07:46:54.193Z,New,first_time_admin
61,Table 1/Outer/winner.mp4,2026-09-17T08:24:43.449Z,Deleted,first_time_admin
62,Table 1/Outer/sponsorsequence.csv,2026-09-17T08:24:43.485Z,Updated,first_time_admin
63,Table 1/Inner/sponsorsequence.csv,2026-09-17T08:24:46.130Z,Updated,first_time_admin
64,Table 1/Outer/sponsorsequence.csv,2026-09-17T08:24:49.001Z,Updated,first_time_admin
65,Table 1/Inner/sponsorsequence.csv,2026-09-17T08:48:43.469Z,Updated,vatsan@worldtabletennis.com
66,RPI/HOME_Look.png,2026-09-17T12:24:42.259Z,New,first_time_admin
67,Table 1/Inner/gamebreak.mp4,2026-09-17T12:26:38.800Z,New,first_time_admin
68,Table 1/Inner/gamebreak.mp4,2026-09-17T12:27:12.981Z,Deleted,first_time_admin
69,Table 1/MainLED/HOME_Look,2026-09-17T12:27:28.083Z,New,first_time_admin
70,Table 1/MainLED/default.png,2026-09-17T12:27:28.388Z,New,first_time_admin
71,Table 1/Inner/winner.mp4,2026-09-19T12:14:18.743Z,Deleted,first_time_admin
72,Table 1/Inner/sponsorsequence.csv,2026-09-19T12:14:18.786Z,Updated,first_time_admin
73,Table 1/Inner/winner.mp4,2026-09-19T12:15:09.364Z,New,first_time_admin
74,Table 1/Outer/winner.mp4,2026-09-19T12:15:18.151Z,New,first_time_admin
75,Table 1/Inner/sponsorsequence.csv,2026-09-19T12:16:02.846Z,Updated,first_time_admin
76,Table 1/Outer/sponsorsequence.csv,2026-09-19T12:16:05.713Z,Updated,first_time_admin
77,Table 1/Inner/sponsorsequence.csv,2026-09-19T13:20:06.415Z,Updated,first_time_admin
78,Table 1/Inner/sponsorsequence.csv,2026-09-19T13:51:24.159Z,Updated,first_time_admin
79,Table 1/Inner/sponsorsequence.csv,2026-09-19T14:18:57.367Z,Updated,first_time_admin
80,Table 1/Inner/sponsorsequence.csv,2026-09-19T14:31:03.183Z,Updated,first_time_admin
81,Table 1/Inner/sponsorsequence.csv,2026-09-19T14:31:49.522Z,Updated,first_time_admin
82,Table 1/Outer/sponsorsequence.csv,2026-09-19T14:32:16.679Z,Updated,first_time_admin
83,Table 1/Inner/sponsorsequence.csv,2026-09-19T14:36:56.529Z,Updated,first_time_admin
